Country,Country_Code,Category,Indicator_Code,Year,Enrollment
Bahrain,BHR,Total,SE.TER.ENRR,2000,
Bahrain,BHR,Female,SE.TER.ENRR.FE,2000,
Bahrain,BHR,Male,SE.TER.ENRR.MA,2000,
Kuwait,KWT,Total,SE.TER.ENRR,2000,
Kuwait,KWT,Female,SE.TER.ENRR.FE,2000,
Kuwait,KWT,Male,SE.TER.ENRR.MA,2000,
Oman,OMN,Total,SE.TER.ENRR,2000,
Oman,OMN,Female,SE.TER.ENRR.FE,2000,
Oman,OMN,Male,SE.TER.ENRR.MA,2000,
Qatar,QAT,Total,SE.TER.ENRR,2000,
Qatar,QAT,Female,SE.TER.ENRR.FE,2000,
Qatar,QAT,Male,SE.TER.ENRR.MA,2000,
Saudi Arabia,SAU,Total,SE.TER.ENRR,2000,28.3759498596191
Saudi Arabia,SAU,Female,SE.TER.ENRR.FE,2000,33.3180999755859
Saudi Arabia,SAU,Male,SE.TER.ENRR.MA,2000,23.8810005187988
United Arab Emirates,ARE,Total,SE.TER.ENRR,2000,
United Arab Emirates,ARE,Female,SE.TER.ENRR.FE,2000,
United Arab Emirates,ARE,Male,SE.TER.ENRR.MA,2000,
Bahrain,BHR,Total,SE.TER.ENRR,2001,
Bahrain,BHR,Female,SE.TER.ENRR.FE,2001,
Bahrain,BHR,Male,SE.TER.ENRR.MA,2001,
Kuwait,KWT,Total,SE.TER.ENRR,2001,18.3207397460938
Kuwait,KWT,Female,SE.TER.ENRR.FE,2001,27.368049621582
Kuwait,KWT,Male,SE.TER.ENRR.MA,2001,11.6747798919678
Oman,OMN,Total,SE.TER.ENRR,2001,
Oman,OMN,Female,SE.TER.ENRR.FE,2001,
Oman,OMN,Male,SE.TER.ENRR.MA,2001,
Qatar,QAT,Total,SE.TER.ENRR,2001,18.6874694824219
Qatar,QAT,Female,SE.TER.ENRR.FE,2001,33.5701293945312
Qatar,QAT,Male,SE.TER.ENRR.MA,2001,8.44478988647461
Saudi Arabia,SAU,Total,SE.TER.ENRR,2001,27.2377300262451
Saudi Arabia,SAU,Female,SE.TER.ENRR.FE,2001,32.850471496582
Saudi Arabia,SAU,Male,SE.TER.ENRR.MA,2001,22.5503807067871
United Arab Emirates,ARE,Total,SE.TER.ENRR,2001,
United Arab Emirates,ARE,Female,SE.TER.ENRR.FE,2001,
United Arab Emirates,ARE,Male,SE.TER.ENRR.MA,2001,
Bahrain,BHR,Total,SE.TER.ENRR,2002,
Bahrain,BHR,Female,SE.TER.ENRR.FE,2002,
Bahrain,BHR,Male,SE.TER.ENRR.MA,2002,
Kuwait,KWT,Total,SE.TER.ENRR,2002,19.2795295715332
Kuwait,KWT,Female,SE.TER.ENRR.FE,2002,28.4298801422119
Kuwait,KWT,Male,SE.TER.ENRR.MA,2002,12.3950595855713
Oman,OMN,Total,SE.TER.ENRR,2002,
Oman,OMN,Female,SE.TER.ENRR.FE,2002,
Oman,OMN,Male,SE.TER.ENRR.MA,2002,
Qatar,QAT,Total,SE.TER.ENRR,2002,17.2873592376709
Qatar,QAT,Female,SE.TER.ENRR.FE,2002,31.0748691558838
Qatar,QAT,Male,SE.TER.ENRR.MA,2002,7.96611022949219
Saudi Arabia,SAU,Total,SE.TER.ENRR,2002,25.1049709320068
Saudi Arabia,SAU,Female,SE.TER.ENRR.FE,2002,32.1685409545898
Saudi Arabia,SAU,Male,SE.TER.ENRR.MA,2002,19.6529197692871
United Arab Emirates,ARE,Total,SE.TER.ENRR,2002,
United Arab Emirates,ARE,Female,SE.TER.ENRR.FE,2002,
United Arab Emirates,ARE,Male,SE.TER.ENRR.MA,2002,
Bahrain,BHR,Total,SE.TER.ENRR,2003,25.1201400756836
Bahrain,BHR,Female,SE.TER.ENRR.FE,2003,40.0108413696289
Bahrain,BHR,Male,SE.TER.ENRR.MA,2003,15.6544799804688
Kuwait,KWT,Total,SE.TER.ENRR,2003,19.5890598297119
Kuwait,KWT,Female,SE.TER.ENRR.FE,2003,28.8520603179932
Kuwait,KWT,Male,SE.TER.ENRR.MA,2003,12.3767995834351
Oman,OMN,Total,SE.TER.ENRR,2003,14.3313598632812
Oman,OMN,Female,SE.TER.ENRR.FE,2003,12.1856899261475
Oman,OMN,Male,SE.TER.ENRR.MA,2003,16.3789291381836
Qatar,QAT,Total,SE.TER.ENRR,2003,15.7512302398682
Qatar,QAT,Female,SE.TER.ENRR.FE,2003,29.2537593841553
Qatar,QAT,Male,SE.TER.ENRR.MA,2003,7.04970979690552
Saudi Arabia,SAU,Total,SE.TER.ENRR,2003,26.6230297088623
Saudi Arabia,SAU,Female,SE.TER.ENRR.FE,2003,37.0434303283691
Saudi Arabia,SAU,Male,SE.TER.ENRR.MA,2003,19.1202602386475
United Arab Emirates,ARE,Total,SE.TER.ENRR,2003,
United Arab Emirates,ARE,Female,SE.TER.ENRR.FE,2003,
United Arab Emirates,ARE,Male,SE.TER.ENRR.MA,2003,
Bahrain,BHR,Total,SE.TER.ENRR,2004,
Bahrain,BHR,Female,SE.TER.ENRR.FE,2004,
Bahrain,BHR,Male,SE.TER.ENRR.MA,2004,
Kuwait,KWT,Total,SE.TER.ENRR,2004,19.9746398925781
Kuwait,KWT,Female,SE.TER.ENRR.FE,2004,28.715950012207
Kuwait,KWT,Male,SE.TER.ENRR.MA,2004,12.9033203125
Oman,OMN,Total,SE.TER.ENRR,2004,15.1500101089478
Oman,OMN,Female,SE.TER.ENRR.FE,2004,16.084379196167
Oman,OMN,Male,SE.TER.ENRR.MA,2004,14.2583503723144
Qatar,QAT,Total,SE.TER.ENRR,2004,16.8915996551514
Qatar,QAT,Female,SE.TER.ENRR.FE,2004,32.0311012268066
Qatar,QAT,Male,SE.TER.ENRR.MA,2004,7.74392986297607
Saudi Arabia,SAU,Total,SE.TER.ENRR,2004,26.2631301879883
Saudi Arabia,SAU,Female,SE.TER.ENRR.FE,2004,38.1271018981934
Saudi Arabia,SAU,Male,SE.TER.ENRR.MA,2004,18.2057094573975
United Arab Emirates,ARE,Total,SE.TER.ENRR,2004,
United Arab Emirates,ARE,Female,SE.TER.ENRR.FE,2004,
United Arab Emirates,ARE,Male,SE.TER.ENRR.MA,2004,
Bahrain,BHR,Total,SE.TER.ENRR,2005,19.0136394500732
Bahrain,BHR,Female,SE.TER.ENRR.FE,2005,34.6471786499023
Bahrain,BHR,Male,SE.TER.ENRR.MA,2005,9.74230003356934
Kuwait,KWT,Total,SE.TER.ENRR,2005,
Kuwait,KWT,Female,SE.TER.ENRR.FE,2005,
Kuwait,KWT,Male,SE.TER.ENRR.MA,2005,
Oman,OMN,Total,SE.TER.ENRR,2005,17.117769241333
Oman,OMN,Female,SE.TER.ENRR.FE,2005,18.1676807403564
Oman,OMN,Male,SE.TER.ENRR.MA,2005,16.1530094146729
Qatar,QAT,Total,SE.TER.ENRR,2005,14.7242298126221
Qatar,QAT,Female,SE.TER.ENRR.FE,2005,30.4664096832275
Qatar,QAT,Male,SE.TER.ENRR.MA,2005,6.98043012619019
Saudi Arabia,SAU,Total,SE.TER.ENRR,2005,25.1983699798584
Saudi Arabia,SAU,Female,SE.TER.ENRR.FE,2005,37.1544799804688
Saudi Arabia,SAU,Male,SE.TER.ENRR.MA,2005,17.4432506561279
United Arab Emirates,ARE,Total,SE.TER.ENRR,2005,
United Arab Emirates,ARE,Female,SE.TER.ENRR.FE,2005,
United Arab Emirates,ARE,Male,SE.TER.ENRR.MA,2005,
Bahrain,BHR,Total,SE.TER.ENRR,2006,17.5358505249023
Bahrain,BHR,Female,SE.TER.ENRR.FE,2006,31.6284408569336
Bahrain,BHR,Male,SE.TER.ENRR.MA,2006,8.93719959259033
Kuwait,KWT,Total,SE.TER.ENRR,2006,
Kuwait,KWT,Female,SE.TER.ENRR.FE,2006,
Kuwait,KWT,Male,SE.TER.ENRR.MA,2006,
Oman,OMN,Total,SE.TER.ENRR,2006,19.2329597473144
Oman,OMN,Female,SE.TER.ENRR.FE,2006,20.3098106384277
Oman,OMN,Male,SE.TER.ENRR.MA,2006,18.2453193664551
Qatar,QAT,Total,SE.TER.ENRR,2006,12.8355398178101
Qatar,QAT,Female,SE.TER.ENRR.FE,2006,30.6244392395019
Qatar,QAT,Male,SE.TER.ENRR.MA,2006,5.80687999725342
Saudi Arabia,SAU,Total,SE.TER.ENRR,2006,24.5137691497803
Saudi Arabia,SAU,Female,SE.TER.ENRR.FE,2006,36.8055801391602
Saudi Arabia,SAU,Male,SE.TER.ENRR.MA,2006,16.8029403686523
United Arab Emirates,ARE,Total,SE.TER.ENRR,2006,
United Arab Emirates,ARE,Female,SE.TER.ENRR.FE,2006,
United Arab Emirates,ARE,Male,SE.TER.ENRR.MA,2006,
Bahrain,BHR,Total,SE.TER.ENRR,2007,
Bahrain,BHR,Female,SE.TER.ENRR.FE,2007,
Bahrain,BHR,Male,SE.TER.ENRR.MA,2007,
Kuwait,KWT,Total,SE.TER.ENRR,2007,
Kuwait,KWT,Female,SE.TER.ENRR.FE,2007,
Kuwait,KWT,Male,SE.TER.ENRR.MA,2007,
Oman,OMN,Total,SE.TER.ENRR,2007,20.4086494445801
Oman,OMN,Female,SE.TER.ENRR.FE,2007,21.8022804260254
Oman,OMN,Male,SE.TER.ENRR.MA,2007,19.1495704650879
Qatar,QAT,Total,SE.TER.ENRR,2007,11.8196697235107
Qatar,QAT,Female,SE.TER.ENRR.FE,2007,31.7337493896484
Qatar,QAT,Male,SE.TER.ENRR.MA,2007,5.42910003662109
Saudi Arabia,SAU,Total,SE.TER.ENRR,2007,24.3000392913818
Saudi Arabia,SAU,Female,SE.TER.ENRR.FE,2007,34.9405097961426
Saudi Arabia,SAU,Male,SE.TER.ENRR.MA,2007,17.7684593200684
United Arab Emirates,ARE,Total,SE.TER.ENRR,2007,
United Arab Emirates,ARE,Female,SE.TER.ENRR.FE,2007,
United Arab Emirates,ARE,Male,SE.TER.ENRR.MA,2007,
Bahrain,BHR,Total,SE.TER.ENRR,2008,
Bahrain,BHR,Female,SE.TER.ENRR.FE,2008,
Bahrain,BHR,Male,SE.TER.ENRR.MA,2008,
Kuwait,KWT,Total,SE.TER.ENRR,2008,
Kuwait,KWT,Female,SE.TER.ENRR.FE,2008,
Kuwait,KWT,Male,SE.TER.ENRR.MA,2008,
Oman,OMN,Total,SE.TER.ENRR,2008,20.4462108612061
Oman,OMN,Female,SE.TER.ENRR.FE,2008,
Oman,OMN,Male,SE.TER.ENRR.MA,2008,
Qatar,QAT,Total,SE.TER.ENRR,2008,11.3421602249146
Qatar,QAT,Female,SE.TER.ENRR.FE,2008,33.9013900756836
Qatar,QAT,Male,SE.TER.ENRR.MA,2008,5.22662019729614
Saudi Arabia,SAU,Total,SE.TER.ENRR,2008,24.4659805297852
Saudi Arabia,SAU,Female,SE.TER.ENRR.FE,2008,35.4275283813477
Saudi Arabia,SAU,Male,SE.TER.ENRR.MA,2008,17.8131599426269
United Arab Emirates,ARE,Total,SE.TER.ENRR,2008,
United Arab Emirates,ARE,Female,SE.TER.ENRR.FE,2008,
United Arab Emirates,ARE,Male,SE.TER.ENRR.MA,2008,
Bahrain,BHR,Total,SE.TER.ENRR,2009,
Bahrain,BHR,Female,SE.TER.ENRR.FE,2009,
Bahrain,BHR,Male,SE.TER.ENRR.MA,2009,
Kuwait,KWT,Total,SE.TER.ENRR,2009,
Kuwait,KWT,Female,SE.TER.ENRR.FE,2009,
Kuwait,KWT,Male,SE.TER.ENRR.MA,2009,
Oman,OMN,Total,SE.TER.ENRR,2009,21.9678993225098
Oman,OMN,Female,SE.TER.ENRR.FE,2009,25.835880279541
Oman,OMN,Male,SE.TER.ENRR.MA,2009,19.1318397521973
Qatar,QAT,Total,SE.TER.ENRR,2009,10.1654901504517
Qatar,QAT,Female,SE.TER.ENRR.FE,2009,34.4635810852051
Qatar,QAT,Male,SE.TER.ENRR.MA,2009,4.49385976791382
Saudi Arabia,SAU,Total,SE.TER.ENRR,2009,25.0353107452393
Saudi Arabia,SAU,Female,SE.TER.ENRR.FE,2009,36.2919807434082
Saudi Arabia,SAU,Male,SE.TER.ENRR.MA,2009,18.2154808044434
United Arab Emirates,ARE,Total,SE.TER.ENRR,2009,
United Arab Emirates,ARE,Female,SE.TER.ENRR.FE,2009,
United Arab Emirates,ARE,Male,SE.TER.ENRR.MA,2009,
Bahrain,BHR,Total,SE.TER.ENRR,2010,
Bahrain,BHR,Female,SE.TER.ENRR.FE,2010,
Bahrain,BHR,Male,SE.TER.ENRR.MA,2010,
Kuwait,KWT,Total,SE.TER.ENRR,2010,
Kuwait,KWT,Female,SE.TER.ENRR.FE,2010,
Kuwait,KWT,Male,SE.TER.ENRR.MA,2010,
Oman,OMN,Total,SE.TER.ENRR,2010,27.8526854365953
Oman,OMN,Female,SE.TER.ENRR.FE,2010,30.4687438975809
Oman,OMN,Male,SE.TER.ENRR.MA,2010,25.6528821396669
Qatar,QAT,Total,SE.TER.ENRR,2010,9.64273278083432
Qatar,QAT,Female,SE.TER.ENRR.FE,2010,31.9231473010064
Qatar,QAT,Male,SE.TER.ENRR.MA,2010,4.40631316389283
Saudi Arabia,SAU,Total,SE.TER.ENRR,2010,29.3244802795728
Saudi Arabia,SAU,Female,SE.TER.ENRR.FE,2010,40.5683030721353
Saudi Arabia,SAU,Male,SE.TER.ENRR.MA,2010,22.4630660291082
United Arab Emirates,ARE,Total,SE.TER.ENRR,2010,
United Arab Emirates,ARE,Female,SE.TER.ENRR.FE,2010,
United Arab Emirates,ARE,Male,SE.TER.ENRR.MA,2010,
Bahrain,BHR,Total,SE.TER.ENRR,2011,46.3075025646345
Bahrain,BHR,Female,SE.TER.ENRR.FE,2011,59.8875105130362
Bahrain,BHR,Male,SE.TER.ENRR.MA,2011,35.6997680100187
Kuwait,KWT,Total,SE.TER.ENRR,2011,
Kuwait,KWT,Female,SE.TER.ENRR.FE,2011,
Kuwait,KWT,Male,SE.TER.ENRR.MA,2011,
Oman,OMN,Total,SE.TER.ENRR,2011,31.5563508791784
Oman,OMN,Female,SE.TER.ENRR.FE,2011,34.8990686240297
Oman,OMN,Male,SE.TER.ENRR.MA,2011,28.7540226895946
Qatar,QAT,Total,SE.TER.ENRR,2011,12.6008552690979
Qatar,QAT,Female,SE.TER.ENRR.FE,2011,34.0203694113585
Qatar,QAT,Male,SE.TER.ENRR.MA,2011,5.92023086531421
Saudi Arabia,SAU,Total,SE.TER.ENRR,2011,28.9419498443604
Saudi Arabia,SAU,Female,SE.TER.ENRR.FE,2011,40.7246208190918
Saudi Arabia,SAU,Male,SE.TER.ENRR.MA,2011,22.1884708404541
United Arab Emirates,ARE,Total,SE.TER.ENRR,2011,
United Arab Emirates,ARE,Female,SE.TER.ENRR.FE,2011,
United Arab Emirates,ARE,Male,SE.TER.ENRR.MA,2011,
Bahrain,BHR,Total,SE.TER.ENRR,2012,47.6811679519633
Bahrain,BHR,Female,SE.TER.ENRR.FE,2012,66.3114397564158
Bahrain,BHR,Male,SE.TER.ENRR.MA,2012,33.4489418703661
Kuwait,KWT,Total,SE.TER.ENRR,2012,
Kuwait,KWT,Female,SE.TER.ENRR.FE,2012,
Kuwait,KWT,Male,SE.TER.ENRR.MA,2012,
Oman,OMN,Total,SE.TER.ENRR,2012,
Oman,OMN,Female,SE.TER.ENRR.FE,2012,
Oman,OMN,Male,SE.TER.ENRR.MA,2012,
Qatar,QAT,Total,SE.TER.ENRR,2012,12.2866942772156
Qatar,QAT,Female,SE.TER.ENRR.FE,2012,35.5400366555015
Qatar,QAT,Male,SE.TER.ENRR.MA,2012,5.52810433504776
Saudi Arabia,SAU,Total,SE.TER.ENRR,2012,36.0444107055664
Saudi Arabia,SAU,Female,SE.TER.ENRR.FE,2012,47.4466896057129
Saudi Arabia,SAU,Male,SE.TER.ENRR.MA,2012,29.2245693206787
United Arab Emirates,ARE,Total,SE.TER.ENRR,2012,
United Arab Emirates,ARE,Female,SE.TER.ENRR.FE,2012,
United Arab Emirates,ARE,Male,SE.TER.ENRR.MA,2012,
Bahrain,BHR,Total,SE.TER.ENRR,2013,44.1274788546413
Bahrain,BHR,Female,SE.TER.ENRR.FE,2013,63.5043297161022
Bahrain,BHR,Male,SE.TER.ENRR.MA,2013,29.2627551556686
Kuwait,KWT,Total,SE.TER.ENRR,2013,
Kuwait,KWT,Female,SE.TER.ENRR.FE,2013,
Kuwait,KWT,Male,SE.TER.ENRR.MA,2013,
Oman,OMN,Total,SE.TER.ENRR,2013,35.149615885003
Oman,OMN,Female,SE.TER.ENRR.FE,2013,42.6161270121929
Oman,OMN,Male,SE.TER.ENRR.MA,2013,28.9420815366523
Qatar,QAT,Total,SE.TER.ENRR,2013,14.8707295209095
Qatar,QAT,Female,SE.TER.ENRR.FE,2013,43.4209667949638
Qatar,QAT,Male,SE.TER.ENRR.MA,2013,6.90627843494086
Saudi Arabia,SAU,Total,SE.TER.ENRR,2013,43.163501739502
Saudi Arabia,SAU,Female,SE.TER.ENRR.FE,2013,53.6598281860352
Saudi Arabia,SAU,Male,SE.TER.ENRR.MA,2013,36.5778007507324
United Arab Emirates,ARE,Total,SE.TER.ENRR,2013,
United Arab Emirates,ARE,Female,SE.TER.ENRR.FE,2013,
United Arab Emirates,ARE,Male,SE.TER.ENRR.MA,2013,
Bahrain,BHR,Total,SE.TER.ENRR,2014,44.7866602427761
Bahrain,BHR,Female,SE.TER.ENRR.FE,2014,60.227422631454
Bahrain,BHR,Male,SE.TER.ENRR.MA,2014,32.3862191711162
Kuwait,KWT,Total,SE.TER.ENRR,2014,55.893130577116
Kuwait,KWT,Female,SE.TER.ENRR.FE,2014,73.2873775520301
Kuwait,KWT,Male,SE.TER.ENRR.MA,2014,39.8199790720592
Oman,OMN,Total,SE.TER.ENRR,2014,41.1818561581842
Oman,OMN,Female,SE.TER.ENRR.FE,2014,52.0412424359763
Oman,OMN,Male,SE.TER.ENRR.MA,2014,31.9869367602908
Qatar,QAT,Total,SE.TER.ENRR,2014,17.3063613126932
Qatar,QAT,Female,SE.TER.ENRR.FE,2014,51.5663185958676
Qatar,QAT,Male,SE.TER.ENRR.MA,2014,7.87261191029697
Saudi Arabia,SAU,Total,SE.TER.ENRR,2014,53.1803840195563
Saudi Arabia,SAU,Female,SE.TER.ENRR.FE,2014,62.4789009094238
Saudi Arabia,SAU,Male,SE.TER.ENRR.MA,2014,43.7586212158203
United Arab Emirates,ARE,Total,SE.TER.ENRR,2014,
United Arab Emirates,ARE,Female,SE.TER.ENRR.FE,2014,
United Arab Emirates,ARE,Male,SE.TER.ENRR.MA,2014,
Bahrain,BHR,Total,SE.TER.ENRR,2015,45.6439860607554
Bahrain,BHR,Female,SE.TER.ENRR.FE,2015,60.9513041649138
Bahrain,BHR,Male,SE.TER.ENRR.MA,2015,33.3086132005509
Kuwait,KWT,Total,SE.TER.ENRR,2015,58.9434554973822
Kuwait,KWT,Female,SE.TER.ENRR.FE,2015,80.4249421600295
Kuwait,KWT,Male,SE.TER.ENRR.MA,2015,40.0131981995292
Oman,OMN,Total,SE.TER.ENRR,2015,45.1898945959512
Oman,OMN,Female,SE.TER.ENRR.FE,2015,57.8076444388781
Oman,OMN,Male,SE.TER.ENRR.MA,2015,34.6656568690179
Qatar,QAT,Total,SE.TER.ENRR,2015,15.9339905308662
Qatar,QAT,Female,SE.TER.ENRR.FE,2015,49.8616836623997
Qatar,QAT,Male,SE.TER.ENRR.MA,2015,6.86969249050807
Saudi Arabia,SAU,Total,SE.TER.ENRR,2015,57.0892771397236
Saudi Arabia,SAU,Female,SE.TER.ENRR.FE,2015,67.4396901306541
Saudi Arabia,SAU,Male,SE.TER.ENRR.MA,2015,49.7399559212666
United Arab Emirates,ARE,Total,SE.TER.ENRR,2015,
United Arab Emirates,ARE,Female,SE.TER.ENRR.FE,2015,
United Arab Emirates,ARE,Male,SE.TER.ENRR.MA,2015,
Bahrain,BHR,Total,SE.TER.ENRR,2016,46.7631772606016
Bahrain,BHR,Female,SE.TER.ENRR.FE,2016,63.0497231797764
Bahrain,BHR,Male,SE.TER.ENRR.MA,2016,33.9510230914619
Kuwait,KWT,Total,SE.TER.ENRR,2016,59.2213394214596
Kuwait,KWT,Female,SE.TER.ENRR.FE,2016,83.8888888888889
Kuwait,KWT,Male,SE.TER.ENRR.MA,2016,38.1274538282063
Oman,OMN,Total,SE.TER.ENRR,2016,46.8235059845958
Oman,OMN,Female,SE.TER.ENRR.FE,2016,62.3419173582992
Oman,OMN,Male,SE.TER.ENRR.MA,2016,34.5448060178727
Qatar,QAT,Total,SE.TER.ENRR,2016,14.8163562584538
Qatar,QAT,Female,SE.TER.ENRR.FE,2016,47.9673181513398
Qatar,QAT,Male,SE.TER.ENRR.MA,2016,6.0314702572506
Saudi Arabia,SAU,Total,SE.TER.ENRR,2016,63.9826623355369
Saudi Arabia,SAU,Female,SE.TER.ENRR.FE,2016,73.3711032428941
Saudi Arabia,SAU,Male,SE.TER.ENRR.MA,2016,57.0110220571712
United Arab Emirates,ARE,Total,SE.TER.ENRR,2016,
United Arab Emirates,ARE,Female,SE.TER.ENRR.FE,2016,
United Arab Emirates,ARE,Male,SE.TER.ENRR.MA,2016,
Bahrain,BHR,Total,SE.TER.ENRR,2017,48.7280981931009
Bahrain,BHR,Female,SE.TER.ENRR.FE,2017,65.1926737665277
Bahrain,BHR,Male,SE.TER.ENRR.MA,2017,35.609756097561
Kuwait,KWT,Total,SE.TER.ENRR,2017,54.9159622359267
Kuwait,KWT,Female,SE.TER.ENRR.FE,2017,77.4231910735153
Kuwait,KWT,Male,SE.TER.ENRR.MA,2017,36.1341709670182
Oman,OMN,Total,SE.TER.ENRR,2017,43.5767818520195
Oman,OMN,Female,SE.TER.ENRR.FE,2017,57.0111419257529
Oman,OMN,Male,SE.TER.ENRR.MA,2017,32.8895081798008
Qatar,QAT,Total,SE.TER.ENRR,2017,16.7774362605473
Qatar,QAT,Female,SE.TER.ENRR.FE,2017,62.7524220847438
Qatar,QAT,Male,SE.TER.ENRR.MA,2017,6.42305543689001
Saudi Arabia,SAU,Total,SE.TER.ENRR,2017,70.7471342981424
Saudi Arabia,SAU,Female,SE.TER.ENRR.FE,2017,77.3520799295616
Saudi Arabia,SAU,Male,SE.TER.ENRR.MA,2017,65.5521668907396
United Arab Emirates,ARE,Total,SE.TER.ENRR,2017,
United Arab Emirates,ARE,Female,SE.TER.ENRR.FE,2017,
United Arab Emirates,ARE,Male,SE.TER.ENRR.MA,2017,
Bahrain,BHR,Total,SE.TER.ENRR,2018,50.2628341348842
Bahrain,BHR,Female,SE.TER.ENRR.FE,2018,67.32867632062
Bahrain,BHR,Male,SE.TER.ENRR.MA,2018,36.9246403379428
Kuwait,KWT,Total,SE.TER.ENRR,2018,52.1066893601774
Kuwait,KWT,Female,SE.TER.ENRR.FE,2018,74.5099989061366
Kuwait,KWT,Male,SE.TER.ENRR.MA,2018,33.7462511409571
Oman,OMN,Total,SE.TER.ENRR,2018,44.9540216505645
Oman,OMN,Female,SE.TER.ENRR.FE,2018,57.4878074857514
Oman,OMN,Male,SE.TER.ENRR.MA,2018,34.4241000483659
Qatar,QAT,Total,SE.TER.ENRR,2018,17.4458250857575
Qatar,QAT,Female,SE.TER.ENRR.FE,2018,65.8024691358025
Qatar,QAT,Male,SE.TER.ENRR.MA,2018,6.49269762180164
Saudi Arabia,SAU,Total,SE.TER.ENRR,2018,73.1971736383918
Saudi Arabia,SAU,Female,SE.TER.ENRR.FE,2018,79.3739530365657
Saudi Arabia,SAU,Male,SE.TER.ENRR.MA,2018,68.0257526757239
United Arab Emirates,ARE,Total,SE.TER.ENRR,2018,53.2113281680102
United Arab Emirates,ARE,Female,SE.TER.ENRR.FE,2018,54.1665574458046
United Arab Emirates,ARE,Male,SE.TER.ENRR.MA,2018,52.4542139762941
Bahrain,BHR,Total,SE.TER.ENRR,2019,52.9045782700327
Bahrain,BHR,Female,SE.TER.ENRR.FE,2019,71.7243510506798
Bahrain,BHR,Male,SE.TER.ENRR.MA,2019,38.396331295164
Kuwait,KWT,Total,SE.TER.ENRR,2019,50.4400595299189
Kuwait,KWT,Female,SE.TER.ENRR.FE,2019,72.0643503604847
Kuwait,KWT,Male,SE.TER.ENRR.MA,2019,33.0268358964857
Oman,OMN,Total,SE.TER.ENRR,2019,45.1723183863131
Oman,OMN,Female,SE.TER.ENRR.FE,2019,56.3356093694527
Oman,OMN,Male,SE.TER.ENRR.MA,2019,35.6991718397489
Qatar,QAT,Total,SE.TER.ENRR,2019,21.0931416049405
Qatar,QAT,Female,SE.TER.ENRR.FE,2019,70.1104594886978
Qatar,QAT,Male,SE.TER.ENRR.MA,2019,7.90193449530741
Saudi Arabia,SAU,Total,SE.TER.ENRR,2019,77.9664942011008
Saudi Arabia,SAU,Female,SE.TER.ENRR.FE,2019,84.7451705932617
Saudi Arabia,SAU,Male,SE.TER.ENRR.MA,2019,75.0917205810547
United Arab Emirates,ARE,Total,SE.TER.ENRR,2019,53.8814655213653
United Arab Emirates,ARE,Female,SE.TER.ENRR.FE,2019,58.2194090637889
United Arab Emirates,ARE,Male,SE.TER.ENRR.MA,2019,50.4371706630508
Bahrain,BHR,Total,SE.TER.ENRR,2020,54.4077922369055
Bahrain,BHR,Female,SE.TER.ENRR.FE,2020,75.2914550382905
Bahrain,BHR,Male,SE.TER.ENRR.MA,2020,38.9140536530126
Kuwait,KWT,Total,SE.TER.ENRR,2020,53.731878917367
Kuwait,KWT,Female,SE.TER.ENRR.FE,2020,73.6753293712972
Kuwait,KWT,Male,SE.TER.ENRR.MA,2020,37.4090346863357
Oman,OMN,Total,SE.TER.ENRR,2020,48.3754397440909
Oman,OMN,Female,SE.TER.ENRR.FE,2020,58.2401474222055
Oman,OMN,Male,SE.TER.ENRR.MA,2020,39.4078992454066
Qatar,QAT,Total,SE.TER.ENRR,2020,23.7649212314763
Qatar,QAT,Female,SE.TER.ENRR.FE,2020,75.1430222479052
Qatar,QAT,Male,SE.TER.ENRR.MA,2020,8.87826603822552
Saudi Arabia,SAU,Total,SE.TER.ENRR,2020,73.7510866368859
Saudi Arabia,SAU,Female,SE.TER.ENRR.FE,2020,81.1357693094557
Saudi Arabia,SAU,Male,SE.TER.ENRR.MA,2020,67.6012526747541
United Arab Emirates,ARE,Total,SE.TER.ENRR,2020,54.9746998074699
United Arab Emirates,ARE,Female,SE.TER.ENRR.FE,2020,65.9918390965991
United Arab Emirates,ARE,Male,SE.TER.ENRR.MA,2020,46.2213026913182
Bahrain,BHR,Total,SE.TER.ENRR,2021,47.5015525503536
Bahrain,BHR,Female,SE.TER.ENRR.FE,2021,67.0769779680671
Bahrain,BHR,Male,SE.TER.ENRR.MA,2021,33.5770823089003
Kuwait,KWT,Total,SE.TER.ENRR,2021,51.8967176944636
Kuwait,KWT,Female,SE.TER.ENRR.FE,2021,65.9408689214824
Kuwait,KWT,Male,SE.TER.ENRR.MA,2021,39.9190270620082
Oman,OMN,Total,SE.TER.ENRR,2021,43.8433613964625
Oman,OMN,Female,SE.TER.ENRR.FE,2021,52.9462515450918
Oman,OMN,Male,SE.TER.ENRR.MA,2021,35.9147958409503
Qatar,QAT,Total,SE.TER.ENRR,2021,31.2813974439236
Qatar,QAT,Female,SE.TER.ENRR.FE,2021,68.185647914109
Qatar,QAT,Male,SE.TER.ENRR.MA,2021,14.1411656846413
Saudi Arabia,SAU,Total,SE.TER.ENRR,2021,74.3924865722656
Saudi Arabia,SAU,Female,SE.TER.ENRR.FE,2021,76.6689300537109
Saudi Arabia,SAU,Male,SE.TER.ENRR.MA,2021,72.3995666503906
United Arab Emirates,ARE,Total,SE.TER.ENRR,2021,56.4520334436146
United Arab Emirates,ARE,Female,SE.TER.ENRR.FE,2021,62.5806789240484
United Arab Emirates,ARE,Male,SE.TER.ENRR.MA,2021,51.5802719932886
Bahrain,BHR,Total,SE.TER.ENRR,2022,50.3073760962771
Bahrain,BHR,Female,SE.TER.ENRR.FE,2022,73.6073653864038
Bahrain,BHR,Male,SE.TER.ENRR.MA,2022,34.77236440297
Kuwait,KWT,Total,SE.TER.ENRR,2022,
Kuwait,KWT,Female,SE.TER.ENRR.FE,2022,
Kuwait,KWT,Male,SE.TER.ENRR.MA,2022,
Oman,OMN,Total,SE.TER.ENRR,2022,
Oman,OMN,Female,SE.TER.ENRR.FE,2022,
Oman,OMN,Male,SE.TER.ENRR.MA,2022,
Qatar,QAT,Total,SE.TER.ENRR,2022,35.0854901088778
Qatar,QAT,Female,SE.TER.ENRR.FE,2022,77.3432021815349
Qatar,QAT,Male,SE.TER.ENRR.MA,2022,16.4718129404228
Saudi Arabia,SAU,Total,SE.TER.ENRR,2022,73.7492065429688
Saudi Arabia,SAU,Female,SE.TER.ENRR.FE,2022,78.4519577026367
Saudi Arabia,SAU,Male,SE.TER.ENRR.MA,2022,69.5368881225586
United Arab Emirates,ARE,Total,SE.TER.ENRR,2022,60.4188226013954
United Arab Emirates,ARE,Female,SE.TER.ENRR.FE,2022,68.0788419766495
United Arab Emirates,ARE,Male,SE.TER.ENRR.MA,2022,54.3340309301628
Bahrain,BHR,Total,SE.TER.ENRR,2023,57.0562240948353
Bahrain,BHR,Female,SE.TER.ENRR.FE,2023,84.3254442585066
Bahrain,BHR,Male,SE.TER.ENRR.MA,2023,39.099177890502
Kuwait,KWT,Total,SE.TER.ENRR,2023,
Kuwait,KWT,Female,SE.TER.ENRR.FE,2023,
Kuwait,KWT,Male,SE.TER.ENRR.MA,2023,
Oman,OMN,Total,SE.TER.ENRR,2023,
Oman,OMN,Female,SE.TER.ENRR.FE,2023,
Oman,OMN,Male,SE.TER.ENRR.MA,2023,
Qatar,QAT,Total,SE.TER.ENRR,2023,38.2058906555176
Qatar,QAT,Female,SE.TER.ENRR.FE,2023,72.1567687988281
Qatar,QAT,Male,SE.TER.ENRR.MA,2023,19.4421997070312
Saudi Arabia,SAU,Total,SE.TER.ENRR,2023,
Saudi Arabia,SAU,Female,SE.TER.ENRR.FE,2023,
Saudi Arabia,SAU,Male,SE.TER.ENRR.MA,2023,
United Arab Emirates,ARE,Total,SE.TER.ENRR,2023,61.3456114422447
United Arab Emirates,ARE,Female,SE.TER.ENRR.FE,2023,70.1777672820254
United Arab Emirates,ARE,Male,SE.TER.ENRR.MA,2023,54.3154380904539
Bahrain,BHR,Total,SE.TER.ENRR,2024,58.3677241853667
Bahrain,BHR,Female,SE.TER.ENRR.FE,2024,79.9392717715802
Bahrain,BHR,Male,SE.TER.ENRR.MA,2024,42.6704049612864
Kuwait,KWT,Total,SE.TER.ENRR,2024,
Kuwait,KWT,Female,SE.TER.ENRR.FE,2024,
Kuwait,KWT,Male,SE.TER.ENRR.MA,2024,
Oman,OMN,Total,SE.TER.ENRR,2024,42.226921081543
Oman,OMN,Female,SE.TER.ENRR.FE,2024,56.5868186950684
Oman,OMN,Male,SE.TER.ENRR.MA,2024,31.2995090484619
Qatar,QAT,Total,SE.TER.ENRR,2024,43.0178909301758
Qatar,QAT,Female,SE.TER.ENRR.FE,2024,69.3779830932617
Qatar,QAT,Male,SE.TER.ENRR.MA,2024,25.0901603698731
Saudi Arabia,SAU,Total,SE.TER.ENRR,2024,83.884129573915
Saudi Arabia,SAU,Female,SE.TER.ENRR.FE,2024,84.1536489533126
Saudi Arabia,SAU,Male,SE.TER.ENRR.MA,2024,83.6466004570458
United Arab Emirates,ARE,Total,SE.TER.ENRR,2024,63.7384451086316
United Arab Emirates,ARE,Female,SE.TER.ENRR.FE,2024,72.5657349329746
United Arab Emirates,ARE,Male,SE.TER.ENRR.MA,2024,56.7081298584812
